,City,Lat,Lng,Max Temp,Humidity,Cloudiness,Wind Speed,Country,Date
0,orbetello,42.4408,11.2196,49.8,93.0,0.0,3.44,IT,1643577775.0
1,san patricio,28.017,-97.5169,72.32,50.0,28.0,11.65,US,1643577775.0
2,cozumel,20.5083,-86.9458,74.95,57.0,40.0,3.0,MX,1643577680.0
3,yibin,28.7667,104.6238,42.91,84.0,85.0,2.17,CN,1643577776.0
5,ilulissat,69.2167,-51.1,6.82,56.0,75.0,14.97,GL,1643577524.0
6,novoilinsk,51.6829,108.7143,-14.03,100.0,100.0,1.72,RU,1643577777.0
7,rikitea,-23.1203,-134.9692,76.33,69.0,100.0,4.56,PF,1643577777.0
8,doha,25.2867,51.5333,62.58,65.0,0.0,6.91,QA,1643577718.0
9,ribeira grande,38.5167,-28.7,59.4,63.0,40.0,19.57,PT,1643577778.0
10,kumbo,6.2,10.6667,62.89,28.0,98.0,5.95,CM,1643577778.0
11,new norfolk,-42.7826,147.0587,59.67,73.0,5.0,1.97,AU,1643577779.0
12,volno-nadezhdinskoye,43.3833,131.9917,6.28,66.0,9.0,4.47,RU,1643577779.0
13,ushuaia,-54.8,-68.3,47.86,61.0,75.0,33.38,AR,1643577779.0
14,tasiilaq,65.6145,-37.6368,6.96,45.0,95.0,17.18,GL,1643577780.0
15,port alfred,-33.5906,26.891,74.1,88.0,96.0,18.9,ZA,1643577596.0
16,hilo,19.7297,-155.09,78.53,54.0,20.0,9.22,US,1643577640.0
17,fairbanks,64.8378,-147.7164,-9.08,74.0,0.0,0.0,US,1643577602.0
18,barrow,71.2906,-156.7887,-7.58,71.0,100.0,9.22,US,1643577781.0
19,vaini,-21.2,-175.2,79.81,78.0,100.0,12.06,TO,1643577781.0
20,foix,42.8333,1.5833,37.0,31.0,4.0,5.5,FR,1643577782.0
21,mabaruma,8.2,-59.7833,80.28,68.0,39.0,6.78,GY,1643577594.0
22,qaanaaq,77.484,-69.3632,-7.91,67.0,100.0,6.64,GL,1643577783.0
23,khatanga,71.9667,102.5,-6.81,98.0,99.0,9.93,RU,1643577639.0
24,ust-nera,64.5667,143.2,-12.41,100.0,100.0,1.66,RU,1643577783.0
25,lavrentiya,65.5833,-171.0,-5.94,90.0,3.0,4.76,RU,1643577784.0
26,ajdabiya,30.7554,20.2263,54.88,66.0,84.0,17.94,LY,1643577784.0
28,provideniya,64.3833,-173.3,12.31,73.0,0.0,15.66,RU,1643577785.0
29,bumba,2.1833,22.4667,73.94,36.0,82.0,2.64,CD,1643577785.0
30,roma,43.2128,-75.4557,22.82,42.0,20.0,6.91,US,1643577605.0
31,mataura,-46.1927,168.8643,66.47,82.0,47.0,1.19,NZ,1643577637.0
32,vicuna,-30.0319,-70.7081,79.77,43.0,0.0,9.04,CL,1643577786.0
35,hermanus,-34.4187,19.2345,73.9,85.0,100.0,13.65,ZA,1643577523.0
36,kruisfontein,-34.0033,24.7314,70.88,95.0,74.0,6.11,ZA,1643577787.0
37,port elizabeth,-33.918,25.5701,73.09,94.0,20.0,12.66,ZA,1643577639.0
38,butaritari,3.0707,172.7902,81.81,76.0,18.0,21.03,KI,1643577647.0
39,diego de almagro,-26.3667,-70.05,76.21,28.0,0.0,13.58,CL,1643577788.0
40,jamestown,42.097,-79.2353,21.02,54.0,100.0,3.0,US,1643577449.0
41,castro,-24.7911,-50.0119,64.9,96.0,97.0,6.51,BR,1643577788.0
42,avera,33.194,-82.5271,59.76,43.0,0.0,16.22,US,1643577789.0
43,pandan,14.0453,124.1694,76.86,89.0,31.0,11.52,PH,1643577790.0
45,busselton,-33.65,115.3333,63.05,65.0,87.0,17.78,AU,1643577588.0
46,santa cruz,-17.8,-63.1667,94.46,36.0,20.0,9.22,BO,1643577790.0
47,chokurdakh,70.6333,147.9167,-30.15,92.0,17.0,2.53,RU,1643577632.0
48,lompoc,34.6391,-120.4579,74.01,31.0,0.0,14.97,US,1643577604.0
49,saskylakh,71.9167,114.0833,-17.91,100.0,100.0,2.46,RU,1643577526.0
50,severo-kurilsk,50.6789,156.125,27.55,94.0,100.0,12.75,RU,1643577791.0
52,hervey bay,-25.2986,152.8535,78.04,84.0,21.0,9.53,AU,1643577852.0
53,mahebourg,-20.4081,57.7,79.09,94.0,75.0,12.66,MU,1643577721.0
54,kelvington,52.1667,-103.5343,22.66,93.0,49.0,6.22,CA,1643577852.0
55,hami,42.8,93.45,23.63,41.0,100.0,1.3,CN,1643577853.0
56,seoul,37.5683,126.9778,20.64,73.0,0.0,2.3,KR,1643577853.0
57,ancud,-41.8697,-73.8203,63.43,56.0,27.0,12.57,CL,1643577854.0
58,atuona,-9.8,-139.0333,78.01,77.0,9.0,13.47,PF,1643577725.0
59,kichera,55.9375,110.0997,-5.96,97.0,100.0,0.96,RU,1643577855.0
61,hofn,64.2539,-15.2082,26.11,50.0,0.0,23.24,IS,1643577855.0
62,bengkulu,-3.8004,102.2655,75.97,89.0,100.0,3.27,ID,1643577856.0
63,sept-iles,50.2001,-66.3821,9.05,61.0,75.0,7.0,CA,1643577856.0
65,hobart,-42.8794,147.3294,60.03,90.0,75.0,5.75,AU,1643577857.0
66,puerto ayora,-0.7393,-90.3518,85.96,73.0,100.0,8.84,EC,1643577670.0
68,la ronge,55.1001,-105.2842,12.45,79.0,100.0,8.05,CA,1643577858.0
69,pevek,69.7008,170.3133,-12.42,95.0,100.0,2.48,RU,1643577858.0
70,surin,14.8818,103.4936,76.8,71.0,23.0,6.4,TH,1643577859.0
71,georgetown,5.4112,100.3354,81.9,88.0,20.0,2.3,MY,1643577577.0
72,albany,42.6001,-73.9662,21.15,38.0,13.0,7.0,US,1643577427.0
73,salalah,17.0151,54.0924,69.89,73.0,0.0,3.44,OM,1643577860.0
74,dikson,73.5069,80.5464,-2.78,93.0,100.0,20.98,RU,1643577860.0
75,kourou,5.1552,-52.6478,78.85,87.0,23.0,10.45,GF,1643577861.0
76,pangnirtung,66.1451,-65.7125,-18.4,57.0,20.0,3.44,CA,1643577861.0
77,saint george,37.1041,-113.5841,63.07,17.0,0.0,1.01,US,1643577666.0
78,port lincoln,-34.7333,135.8667,66.54,83.0,31.0,8.16,AU,1643577862.0
79,esperance,-33.8667,121.9,64.24,71.0,48.0,8.99,AU,1643577862.0
80,champerico,14.3,-91.9167,91.94,64.0,3.0,10.69,GT,1643577749.0
81,vagur,61.4732,-6.8119,36.82,95.0,100.0,43.4,FO,1643577863.0
82,alice springs,-23.7,133.8833,72.95,100.0,75.0,12.66,AU,1643577809.0
83,college,64.8569,-147.8028,-18.42,73.0,40.0,0.0,US,1643577863.0
84,lubao,14.9167,120.55,78.82,85.0,95.0,4.41,PH,1643577864.0
85,flinders,-34.5833,150.8552,76.8,86.0,21.0,5.99,AU,1643577745.0
86,poum,-20.2333,164.0167,80.02,76.0,97.0,8.61,NC,1643577681.0
87,itabera,-23.8619,-49.1372,67.1,97.0,99.0,7.63,BR,1643577864.0
88,tottori,35.5,134.2333,33.87,100.0,75.0,2.3,JP,1643577865.0
90,avarua,-21.2078,-159.775,73.45,100.0,75.0,1.14,CK,1643577865.0
91,laguna,38.421,-121.4238,64.63,57.0,0.0,1.01,US,1643577594.0
92,yellowknife,62.456,-114.3525,-7.58,90.0,100.0,9.22,CA,1643577684.0
94,thompson,55.7435,-97.8558,6.96,72.0,20.0,6.91,CA,1643577614.0
95,saint-philippe,-21.3585,55.7679,78.39,81.0,48.0,12.24,RE,1643577867.0
96,bluff,-46.6,168.3333,66.79,87.0,96.0,4.9,NZ,1643577867.0
97,san juan,-31.5375,-68.5364,94.41,21.0,3.0,11.63,AR,1643577868.0
98,rocha,-34.4833,-54.3333,79.25,55.0,0.0,10.51,UY,1643577758.0
99,upernavik,72.7868,-56.1549,-2.63,70.0,100.0,9.42,GL,1643577868.0
100,bowen,-20.0167,148.2333,78.84,83.0,55.0,7.58,AU,1643577523.0
101,maragogi,-9.0122,-35.2225,80.06,79.0,100.0,9.84,BR,1643577432.0
102,manzil salim,35.8567,8.4765,42.8,52.0,0.0,2.53,TN,1643577929.0
103,punta arenas,-53.15,-70.9167,53.71,47.0,40.0,32.21,CL,1643577929.0
104,coquimbo,-29.9533,-71.3436,67.73,72.0,0.0,12.66,CL,1643577796.0
108,kapaa,22.0752,-159.319,80.58,65.0,0.0,1.99,US,1643577931.0
109,virden,39.5009,-89.7679,34.39,56.0,40.0,11.72,US,1643577931.0
110,namatanai,-3.6667,152.4333,79.79,80.0,100.0,3.44,PG,1643577680.0
111,chuy,-33.6971,-53.4616,76.44,63.0,26.0,13.98,UY,1643577671.0
112,bambous virieux,-20.3428,57.7575,79.05,94.0,75.0,12.66,MU,1643577932.0
113,kropotkin,45.4375,40.5756,30.56,88.0,99.0,7.14,RU,1643577932.0
114,mae hong son,19.3003,97.9685,53.64,67.0,1.0,1.28,TH,1643577920.0
115,piet retief,-27.0071,30.8132,61.12,99.0,99.0,0.89,ZA,1643577933.0
116,hereford,52.0568,-2.7148,49.82,92.0,93.0,1.01,GB,1643577933.0
117,kabinda,-6.1333,24.4833,66.16,96.0,100.0,3.13,CD,1643577934.0
118,micheweni,-4.9667,39.8333,79.14,81.0,81.0,10.4,TZ,1643577934.0
119,mar del plata,-38.0023,-57.5575,66.87,91.0,100.0,21.0,AR,1643577858.0
120,fayaoue,-20.65,166.5333,81.86,83.0,99.0,12.44,NC,1643577935.0
121,chabahar,25.2919,60.643,71.69,79.0,0.0,13.35,IR,1643577935.0
122,narrabri,-30.3167,149.7833,76.51,72.0,94.0,2.95,AU,1643577936.0
123,semey,50.4111,80.2275,12.25,91.0,99.0,8.32,KZ,1643577683.0
124,terrassa,41.5667,2.0167,57.33,47.0,0.0,3.0,ES,1643577936.0
125,colares,38.7992,-9.4469,57.88,39.0,0.0,5.01,PT,1643577937.0
126,horsham,51.064,-0.3272,46.02,72.0,75.0,12.66,GB,1643577937.0
127,guerrero negro,27.9769,-114.0611,65.34,52.0,100.0,15.03,MX,1643577875.0
128,fengxian,34.7039,116.5872,32.5,82.0,52.0,7.43,CN,1643577938.0
129,cape town,-33.9258,18.4232,67.87,79.0,0.0,4.0,ZA,1643577799.0
130,kindu,-2.95,25.95,72.72,80.0,100.0,3.13,CD,1643577939.0
131,margate,51.3813,1.3862,44.31,78.0,100.0,7.0,GB,1643577939.0
132,talara,-4.5772,-81.2719,79.56,61.0,0.0,13.8,PE,1643577868.0
133,kavieng,-2.5744,150.7967,80.98,76.0,86.0,1.99,PG,1643577940.0
134,chuchkovo,54.2693,41.4465,24.12,95.0,100.0,13.24,RU,1643577940.0
135,narsaq,60.9167,-46.05,23.22,67.0,100.0,12.91,GL,1643577940.0
136,cidreira,-30.1811,-50.2056,74.97,68.0,7.0,17.45,BR,1643577941.0
137,bathsheba,13.2167,-59.5167,79.41,69.0,40.0,24.16,BB,1643577941.0
138,cartagena,10.3997,-75.5144,85.62,58.0,20.0,20.71,CO,1643577752.0
139,liberty,31.8335,-81.5004,59.32,25.0,0.0,5.99,US,1643577839.0
140,khani,41.9563,42.9566,31.57,82.0,100.0,7.58,GE,1643577942.0
141,touros,-5.1989,-35.4608,83.3,74.0,21.0,12.84,BR,1643577934.0
142,kununurra,-15.7667,128.7333,78.78,89.0,100.0,9.22,AU,1643577943.0
143,kavaratti,10.5669,72.642,81.28,73.0,15.0,8.79,IN,1643577943.0
144,cockburn town,21.4612,-71.1419,75.16,69.0,75.0,13.8,TC,1643577944.0
145,faanui,-16.4833,-151.75,80.2,73.0,11.0,7.52,PF,1643577944.0
146,tonota,-21.4833,27.4833,71.47,72.0,95.0,12.12,BW,1643577945.0
148,bredasdorp,-34.5322,20.0403,70.29,83.0,99.0,10.36,ZA,1643577945.0
149,ambulu,-8.345,113.6058,76.21,92.0,100.0,3.09,ID,1643577946.0
150,victoria,22.2855,114.1577,59.32,78.0,82.0,3.0,HK,1643577824.0
151,shingu,33.7333,135.9833,35.31,79.0,56.0,7.0,JP,1643578006.0
152,maceio,-9.6658,-35.7353,83.64,78.0,40.0,10.36,BR,1643577825.0
153,souillac,-20.5167,57.5167,79.18,94.0,75.0,12.66,MU,1643577719.0
154,porto santo,33.072,-16.3415,64.31,88.0,40.0,17.27,PT,1643578008.0
155,mogadishu,2.0371,45.3438,77.23,81.0,85.0,21.14,SO,1643578008.0
156,conde,-7.2597,-34.9075,81.86,78.0,20.0,10.36,BR,1643578009.0
157,mandalgovi,45.7625,106.2708,-1.59,82.0,8.0,8.55,MN,1643578009.0
158,kuah,6.3265,99.8432,80.58,78.0,20.0,3.44,MY,1643578010.0
159,havre-saint-pierre,50.2334,-63.5986,12.2,72.0,0.0,16.11,CA,1643577835.0
160,san carlos de bariloche,-41.1456,-71.3082,59.25,26.0,20.0,19.57,AR,1643578010.0
161,yulara,-25.2406,130.9889,71.44,100.0,75.0,12.66,AU,1643577882.0
162,ouro preto,-20.3948,-43.5052,67.93,88.0,71.0,4.12,BR,1643578011.0
163,bud,39.447,-86.1758,39.15,57.0,49.0,11.27,US,1643577989.0
164,talnakh,69.4865,88.3972,-13.88,96.0,83.0,8.9,RU,1643577904.0
165,tuktoyaktuk,69.4541,-133.0374,-0.4,78.0,100.0,19.57,CA,1643577886.0
166,yar-sale,66.8333,70.8333,-6.2,99.0,90.0,6.71,RU,1643577965.0
167,sao filipe,14.8961,-24.4956,71.42,73.0,100.0,12.8,CV,1643577905.0
168,santa rosa,14.3122,121.1114,78.85,85.0,61.0,10.2,PH,1643577782.0
169,lata,40.1629,-8.3327,48.72,50.0,99.0,2.89,PT,1643577821.0
170,udachnyy,66.4167,112.4,-29.43,100.0,78.0,2.64,RU,1643578013.0
171,oromocto,45.8351,-66.4792,18.91,56.0,0.0,13.0,CA,1643578013.0
172,samfya,-11.3649,29.5565,65.21,92.0,100.0,1.12,ZM,1643578014.0
173,dubuque,42.4833,-90.8668,29.32,66.0,40.0,6.91,US,1643577930.0
174,tiksi,71.6872,128.8694,-18.0,100.0,95.0,4.45,RU,1643577882.0
175,mehamn,71.0357,27.8492,32.18,69.0,75.0,18.41,NO,1643577992.0
176,monywa,22.1167,95.1333,59.38,58.0,0.0,7.05,MM,1643577718.0
177,ismailia,30.6043,32.2723,53.15,44.0,39.0,8.72,EG,1643577815.0
178,clyde river,70.4692,-68.5914,-21.77,76.0,100.0,3.44,CA,1643577876.0
179,chandla,25.0833,80.2,56.64,45.0,0.0,0.85,IN,1643578015.0
180,vawkavysk,53.1561,24.4513,29.8,94.0,100.0,27.27,BY,1643578015.0
181,portland,45.5234,-122.6762,53.37,71.0,75.0,4.0,US,1643577940.0
182,ettlingen,48.9409,8.4076,39.7,81.0,35.0,4.7,DE,1643578016.0
183,hualmay,-11.0964,-77.6139,73.08,77.0,100.0,9.71,PE,1643578016.0
184,saint anthony,45.0205,-93.218,24.73,63.0,0.0,1.99,US,1643577964.0
185,aripuana,-9.1667,-60.6333,75.54,97.0,100.0,2.51,BR,1643578017.0
186,port hardy,50.6996,-127.4199,43.75,87.0,75.0,6.91,CA,1643577937.0
187,obihiro,42.9172,143.2044,-4.36,94.0,22.0,2.53,JP,1643578018.0
188,airai,-8.9266,125.4092,60.76,91.0,78.0,3.96,TL,1643578018.0
189,ebbw vale,51.7771,-3.2079,46.85,91.0,99.0,23.33,GB,1643578018.0
190,mersing,2.4312,103.8405,78.71,83.0,93.0,6.91,MY,1643578019.0
191,torbay,47.6666,-52.7314,42.58,82.0,100.0,23.02,CA,1643578019.0
192,hithadhoo,-0.6,73.0833,81.61,70.0,81.0,9.04,MV,1643578020.0
193,buchanan,5.8808,-10.0467,78.76,82.0,57.0,5.88,LR,1643578020.0
195,grindavik,63.8424,-22.4338,27.07,74.0,75.0,39.12,IS,1643577762.0
196,suna,57.8338,50.0588,5.97,99.0,91.0,3.78,RU,1643578021.0
197,kaitangata,-46.2817,169.8464,63.99,76.0,17.0,2.26,NZ,1643577921.0
198,norman wells,65.282,-126.8329,-25.56,62.0,75.0,0.0,CA,1643577838.0
199,evensk,61.95,159.2333,20.21,73.0,100.0,26.71,RU,1643578022.0
201,pisco,-13.7,-76.2167,75.25,69.0,40.0,6.91,PE,1643578082.0
202,barhi,23.9,80.8,56.14,33.0,0.0,2.08,IN,1643578083.0
203,broome,42.2506,-75.833,23.02,60.0,100.0,1.01,US,1643578083.0
204,luderitz,-26.6481,15.1594,66.11,85.0,89.0,8.28,NA,1643578084.0
205,klaksvik,62.2266,-6.589,36.52,97.0,100.0,34.96,FO,1643578085.0
206,karratha,-20.7377,116.8463,82.47,63.0,63.0,19.28,AU,1643578085.0
207,khunti,23.0833,85.2833,50.11,39.0,34.0,3.91,IN,1643578086.0
208,kenai,60.5544,-151.2583,19.02,97.0,0.0,3.44,US,1643578086.0
209,raga,8.4596,25.678,68.16,20.0,53.0,3.51,SS,1643577901.0
210,carora,10.1755,-70.0827,90.73,25.0,92.0,8.81,VE,1643577829.0
212,kodiak,57.79,-152.4072,26.11,68.0,0.0,12.66,US,1643578087.0
213,padang,-0.9492,100.3543,75.25,89.0,100.0,3.85,ID,1643578088.0
214,sur,22.5667,59.5289,71.47,65.0,0.0,2.84,OM,1643577870.0
215,aklavik,68.2191,-135.0107,2.23,96.0,100.0,4.94,CA,1643578089.0
216,liwale,-9.7667,37.9333,68.74,97.0,100.0,0.78,TZ,1643578089.0
217,villamontes,-21.25,-63.5,93.83,26.0,0.0,7.63,BO,1643578089.0
218,lebu,-37.6167,-73.65,61.3,64.0,0.0,19.46,CL,1643577873.0
219,cherskiy,68.75,161.3,-26.73,98.0,99.0,1.45,RU,1643578090.0
220,katsuura,35.1333,140.3,39.31,53.0,100.0,11.01,JP,1643577890.0
221,longyearbyen,78.2186,15.6401,8.44,61.0,0.0,19.57,SJ,1643578047.0
222,ugoofaaru,5.6667,73.0,81.16,76.0,41.0,13.73,MV,1643578091.0
223,batticaloa,7.7102,81.6924,77.61,84.0,29.0,7.11,LK,1643578091.0
224,te anau,-45.4167,167.7167,63.75,76.0,21.0,0.04,NZ,1643578092.0
225,saldanha,-33.0117,17.9442,66.25,91.0,99.0,9.57,ZA,1643578093.0
226,herat,34.5,62.0,38.98,72.0,0.0,2.39,AF,1643577951.0
227,coracora,-15.0333,-73.7833,50.79,73.0,100.0,9.33,PE,1643578093.0
230,along,28.1667,94.7667,44.47,80.0,16.0,1.52,IN,1643578094.0
231,beringovskiy,63.05,179.3167,-9.47,100.0,100.0,8.95,RU,1643577799.0
232,archidona,37.0965,-4.3887,49.91,35.0,40.0,1.74,ES,1643578095.0
233,bahir dar,11.5936,37.3908,65.28,62.0,88.0,2.53,ET,1643578095.0
234,faya,18.3851,42.4509,57.31,86.0,11.0,4.43,SA,1643577832.0
235,asau,46.4333,26.4,40.75,67.0,99.0,20.96,RO,1643578096.0
236,bogale,16.2833,95.4,62.35,82.0,88.0,6.02,MM,1643578096.0
237,umm kaddadah,13.6017,26.6876,58.1,16.0,0.0,12.57,SD,1643578097.0
238,atchison,39.563,-95.1216,49.64,49.0,100.0,3.44,US,1643578097.0
239,smithers,54.7804,-127.1743,30.52,86.0,100.0,10.36,CA,1643578098.0
240,egvekinot,66.3167,-179.1667,-1.01,64.0,53.0,7.83,RU,1643578098.0
241,auki,-8.7676,160.7034,79.68,84.0,100.0,2.71,SB,1643578099.0
242,asyut,27.181,31.1837,51.46,46.0,2.0,7.85,EG,1643578100.0
243,carnarvon,-24.8667,113.6333,78.87,73.0,75.0,16.11,AU,1643578100.0
244,haines junction,60.7522,-137.5108,10.35,61.0,98.0,10.36,CA,1643578101.0
245,sao sebastiao,-23.76,-45.4097,74.84,93.0,100.0,0.67,BR,1643578101.0
246,arraial do cabo,-22.9661,-42.0278,78.66,89.0,75.0,8.05,BR,1643578102.0
247,mocuba,-16.8392,36.9856,71.15,98.0,9.0,1.39,MZ,1643578102.0
248,cotonou,6.3654,2.4183,82.38,54.0,81.0,4.61,BJ,1643578103.0
249,rudbar,30.15,62.6,54.64,39.0,0.0,4.0,AF,1643578103.0
250,coihaique,-45.5752,-72.0662,59.61,47.0,40.0,9.22,CL,1643577968.0
251,siemiatycze,52.4272,22.8623,32.25,92.0,100.0,25.28,PL,1643578164.0
252,whitehorse,60.7161,-135.0538,8.82,69.0,75.0,8.99,CA,1643577755.0
253,kiama,-34.6833,150.8667,77.0,85.0,28.0,1.5,AU,1643578165.0
254,karasjok,69.4719,25.5112,5.11,99.0,20.0,3.11,NO,1643578165.0
255,fort nelson,58.8053,-122.7002,0.99,71.0,100.0,11.5,CA,1643578090.0
256,solana beach,32.9912,-117.2711,78.89,46.0,0.0,5.01,US,1643578166.0
257,shiraz,29.6036,52.5388,40.44,52.0,26.0,0.0,IR,1643577878.0
258,ponta do sol,32.6667,-17.1,65.12,39.0,1.0,9.15,PT,1643578167.0
259,tha chang,9.2642,99.1922,74.88,86.0,9.0,1.32,TH,1643578167.0
260,sitka,57.0531,-135.33,37.29,75.0,75.0,0.0,US,1643578168.0
262,san cristobal,7.7669,-72.225,71.78,57.0,95.0,4.81,VE,1643578103.0
263,okha,53.5739,142.9478,8.89,94.0,100.0,21.56,RU,1643578169.0
264,hukuntsi,-24.0,21.75,70.95,73.0,75.0,9.91,BW,1643578169.0
265,alofi,-19.0595,-169.9187,71.49,100.0,100.0,9.22,NU,1643578170.0
266,shimoda,34.6667,138.95,36.1,65.0,98.0,8.3,JP,1643577959.0
267,canavieiras,-15.675,-38.9472,79.99,79.0,9.0,9.62,BR,1643578050.0
268,port-gentil,-0.7193,8.7815,82.36,83.0,40.0,8.05,GA,1643578122.0
269,gojo,34.35,135.7,34.09,90.0,37.0,0.85,JP,1643578171.0
270,kahului,20.8947,-156.47,82.42,56.0,0.0,14.97,US,1643578172.0
271,acapulco,16.8634,-99.8901,84.02,74.0,0.0,11.5,MX,1643578033.0
272,chibombo,-14.6569,28.0706,63.46,98.0,100.0,3.58,ZM,1643578172.0
273,birjand,32.8663,59.2211,27.07,50.0,0.0,6.91,IR,1643578173.0
275,sola,-13.8833,167.55,81.27,83.0,100.0,0.0,VU,1643578174.0
276,cabedelo,-6.9811,-34.8339,83.07,72.0,17.0,12.33,BR,1643578174.0
277,aksu,41.1231,80.2644,22.37,54.0,4.0,1.41,CN,1643578123.0
278,campina verde,-19.5356,-49.4864,71.56,86.0,100.0,10.2,BR,1643578175.0
279,komsomolskiy,40.4272,71.7189,30.92,86.0,100.0,2.3,UZ,1643578176.0
280,pueblo,38.2545,-104.6091,59.9,19.0,0.0,4.61,US,1643578176.0
281,nemuro,43.3236,145.575,15.75,68.0,45.0,11.92,JP,1643578177.0
282,atar,20.5169,-13.0499,81.16,11.0,100.0,7.94,MR,1643578178.0
283,bay roberts,47.5999,-53.2648,43.34,80.0,100.0,10.0,CA,1643578178.0
285,salamanca,40.8333,-6.0,29.98,48.0,13.0,0.85,ES,1643578179.0
286,xuddur,4.1213,43.8894,74.23,23.0,100.0,11.25,SO,1643578179.0
287,lorengau,-2.0226,147.2712,78.3,87.0,100.0,12.01,PG,1643578180.0
288,san vicente,-26.6167,-54.1333,82.2,43.0,41.0,5.23,AR,1643578180.0
289,san policarpo,12.1791,125.5072,77.99,83.0,23.0,0.49,PH,1643578181.0
290,leningradskiy,69.3833,178.4167,-12.53,94.0,98.0,2.95,RU,1643578181.0
291,zharkent,44.1628,80.0,23.79,69.0,4.0,6.64,KZ,1643578182.0
292,grand gaube,-20.0064,57.6608,79.2,81.0,100.0,5.99,MU,1643578182.0
295,cabra,37.4725,-4.4421,51.91,36.0,48.0,3.47,ES,1643578183.0
296,petropavlovsk-kamchatskiy,53.0452,158.6483,12.79,85.0,75.0,6.71,RU,1643578184.0
297,vestmannaeyjar,63.4427,-20.2734,31.55,62.0,100.0,39.03,IS,1643577909.0
298,dicabisagan,17.0818,122.4157,73.42,88.0,76.0,11.95,PH,1643578184.0
299,vardo,70.3705,31.1107,28.15,93.0,40.0,10.36,NO,1643578185.0
300,san quintin,30.4833,-115.95,64.24,47.0,1.0,8.66,MX,1643578245.0
301,husavik,66.0449,-17.3389,22.91,67.0,40.0,27.76,IS,1643578246.0
302,helong,42.5397,128.9972,4.37,88.0,4.0,5.26,CN,1643578246.0
303,kargat,55.1956,80.2811,10.17,96.0,83.0,8.59,RU,1643578247.0
305,alekseyevsk,57.8406,108.3492,-2.69,100.0,98.0,2.48,RU,1643578247.0
306,nanortalik,60.1432,-45.2371,16.25,88.0,100.0,21.97,GL,1643578248.0
307,luba,3.4568,8.5547,76.89,78.0,100.0,7.16,GQ,1643578248.0
308,bethel,41.3712,-73.414,25.48,46.0,0.0,6.91,US,1643578248.0
309,aswan,24.0934,32.907,56.12,38.0,100.0,10.09,EG,1643578249.0
310,stodolishche,54.1859,32.6492,29.59,96.0,100.0,7.52,RU,1643578249.0
311,harlingen,26.1906,-97.6961,71.78,58.0,100.0,11.5,US,1643578174.0
312,garden city,42.3256,-83.331,27.37,65.0,100.0,4.61,US,1643578250.0
313,walvis bay,-22.9575,14.5053,67.08,94.0,100.0,9.22,NA,1643578250.0
314,atambua,-9.1061,124.8925,74.64,87.0,91.0,7.76,ID,1643578251.0
315,ayni,39.3941,68.5377,22.3,64.0,42.0,6.82,TJ,1643578251.0
316,buffalo,42.8865,-78.8784,23.49,57.0,75.0,8.05,US,1643578117.0
317,lucea,18.451,-78.1736,73.26,77.0,94.0,17.18,JM,1643578252.0
318,nguruka,-5.1092,31.0419,65.3,96.0,100.0,3.44,TZ,1643578252.0
319,boguchany,58.3814,97.4531,-11.43,100.0,100.0,0.36,RU,1643578252.0
320,uige,-7.6087,15.0613,66.54,97.0,100.0,0.94,AO,1643578253.0
321,northam,51.0333,-4.2167,50.4,94.0,71.0,26.46,GB,1643578253.0
322,fomboni,-12.28,43.7425,82.06,69.0,14.0,5.39,KM,1643578254.0
323,drayton valley,53.2168,-114.9854,32.85,96.0,100.0,2.77,CA,1643578202.0
324,leh,34.1667,77.5833,6.08,91.0,100.0,1.74,IN,1643578022.0
325,taoudenni,22.6783,-3.9836,74.57,14.0,87.0,14.7,ML,1643578113.0
327,nikolskoye,59.7035,30.7861,27.39,95.0,100.0,6.73,RU,1643578079.0
328,codrington,-38.2667,141.9667,67.01,88.0,54.0,6.4,AU,1643578255.0
329,sorland,67.667,12.6934,30.27,44.0,91.0,6.82,NO,1643578256.0
330,golpayegan,33.4537,50.2884,24.57,40.0,3.0,4.7,IR,1643578256.0
331,vao,-22.6667,167.4833,79.07,84.0,100.0,5.88,NC,1643578257.0
332,korla,41.7597,86.1469,24.19,57.0,100.0,4.25,CN,1643578052.0
333,sao joao da barra,-21.6403,-41.0511,84.29,89.0,9.0,9.26,BR,1643578257.0
334,visavadar,21.3833,70.6833,61.41,62.0,1.0,5.26,IN,1643578258.0
336,keti bandar,24.1447,67.4497,71.19,84.0,0.0,12.59,PK,1643578259.0
337,zhanaozen,43.3,52.8,39.15,72.0,100.0,14.09,KZ,1643578259.0
338,anqing,30.5092,117.0506,35.31,79.0,92.0,0.85,CN,1643578260.0
340,half moon bay,37.4636,-122.4286,66.24,74.0,0.0,1.99,US,1643578260.0
341,tilichiki,60.4667,166.1,20.52,73.0,100.0,12.84,RU,1643578261.0
342,aketi,2.7388,23.7833,70.36,36.0,93.0,2.48,CD,1643578261.0
343,kutum,14.2,24.6667,54.5,17.0,1.0,13.8,SD,1643578262.0
344,tournon-sur-rhone,45.0667,4.8333,46.26,91.0,11.0,7.43,FR,1643578262.0
345,quelimane,-17.8786,36.8883,78.75,89.0,0.0,2.3,MZ,1643578263.0
346,madera,37.1666,-119.8343,66.97,50.0,0.0,1.99,US,1643578230.0
347,caravelas,-17.7125,-39.2481,80.37,81.0,11.0,11.86,BR,1643578058.0
349,fortuna,40.5982,-124.1573,60.93,70.0,0.0,5.01,US,1643578019.0
350,gladstone,-23.85,151.25,80.78,78.0,19.0,5.75,AU,1643578102.0
351,cheremukhovo,60.3484,59.9851,-8.07,100.0,100.0,2.1,RU,1643578324.0
352,tazovskiy,67.4667,78.7,-10.93,99.0,100.0,8.48,RU,1643578325.0
355,srandakan,-7.9386,110.2506,61.74,89.0,100.0,4.41,ID,1643578326.0
356,nelson bay,-32.7167,152.15,76.75,90.0,80.0,1.01,AU,1643578326.0
358,timizart,36.8,4.2667,47.19,64.0,0.0,4.94,DZ,1643578327.0
359,najran,17.4924,44.1277,61.45,30.0,15.0,1.81,SA,1643578328.0
360,coahuayana,18.7333,-103.6833,90.88,30.0,0.0,7.0,MX,1643578328.0
361,hasaki,35.7333,140.8333,28.8,48.0,100.0,16.82,JP,1643578329.0
362,bilibino,68.0546,166.4372,-12.64,96.0,75.0,5.12,RU,1643578329.0
363,nova vicosa,-17.8919,-39.3719,80.06,81.0,49.0,14.32,BR,1643578330.0
364,tallahassee,30.4383,-84.2807,61.09,44.0,20.0,1.01,US,1643577962.0
365,natchez,31.5604,-91.4032,68.9,35.0,0.0,16.11,US,1643578330.0
366,stornoway,58.2093,-6.3865,42.76,83.0,75.0,8.99,GB,1643578331.0
367,uppsala,60.0,17.75,30.78,74.0,100.0,16.11,SE,1643578331.0
368,dolinsk,47.35,142.8,-23.94,96.0,79.0,4.47,RU,1643578332.0
369,kita,13.0349,-9.4895,79.5,12.0,55.0,5.41,ML,1643578332.0
370,constitucion,-35.3333,-72.4167,65.75,67.0,5.0,19.95,CL,1643578333.0
371,hambantota,6.1241,81.1185,75.54,100.0,0.0,2.3,LK,1643578333.0
372,pouso alegre,-22.23,-45.9364,70.84,95.0,98.0,1.99,BR,1643578334.0
373,gravdal,68.1214,13.5031,30.09,80.0,75.0,1.14,NO,1643578334.0
374,talcahuano,-36.7167,-73.1167,69.48,52.0,0.0,18.41,CL,1643578215.0
375,tashtyp,52.7939,89.8983,-11.0,99.0,44.0,1.95,RU,1643578335.0
376,berlevag,70.8578,29.0864,30.2,93.0,100.0,14.97,NO,1643578335.0
377,yumen,40.2833,97.2,14.25,44.0,100.0,6.46,CN,1643578336.0
378,dunedin,-45.8742,170.5036,66.79,72.0,0.0,10.0,NZ,1643578336.0
380,cabo san lucas,22.8909,-109.9124,80.91,55.0,20.0,6.91,MX,1643578304.0
381,palmer,42.1584,-72.3287,22.69,35.0,20.0,3.0,US,1643578242.0
382,kinna,57.5073,12.6946,33.33,65.0,5.0,4.12,SE,1643578337.0
383,havelock,34.8791,-76.9013,44.06,49.0,6.0,8.99,US,1643577858.0
384,naryan-mar,67.6713,53.087,12.99,93.0,100.0,14.65,RU,1643578338.0
385,east london,-33.0153,27.9116,74.34,85.0,77.0,14.32,ZA,1643578176.0
386,fraga,41.5229,0.3489,36.43,49.0,0.0,5.23,ES,1643578339.0
387,itarema,-2.9248,-39.9167,76.91,83.0,100.0,8.77,BR,1643578339.0
388,galle,6.0367,80.217,76.28,90.0,28.0,2.62,LK,1643578339.0
389,uray,60.1247,64.7758,1.76,97.0,100.0,2.55,RU,1643578340.0
390,lasa,46.6166,10.7002,44.51,46.0,13.0,6.78,IT,1643578246.0
391,dodge city,37.7528,-100.0171,60.94,19.0,0.0,5.99,US,1643578341.0
392,ahipara,-35.1667,173.1667,74.28,56.0,97.0,13.11,NZ,1643578341.0
393,jumla,29.2747,82.1838,35.4,45.0,0.0,3.96,NP,1643578341.0
394,machico,32.7,-16.7667,65.12,86.0,40.0,14.97,PT,1643578342.0
396,yantongshan,43.2919,126.0094,-2.97,91.0,5.0,3.27,CN,1643578343.0
397,nouadhibou,20.931,-17.0347,66.18,63.0,100.0,14.97,MR,1643578343.0
398,arman,59.7,150.1667,5.07,77.0,100.0,14.5,RU,1643578344.0
399,bafut,6.0833,10.1,66.11,28.0,98.0,1.03,CM,1643578344.0
400,sijunjung,-0.6876,100.9537,71.83,97.0,100.0,0.89,ID,1643578405.0
401,am timan,11.0297,20.2827,72.73,17.0,4.0,7.54,TD,1643578405.0
402,olafsvik,64.8945,-23.7142,27.61,55.0,100.0,32.46,IS,1643578406.0
403,santa rosalia,27.3167,-112.2833,65.01,37.0,100.0,5.66,MX,1643578406.0
404,kearney,40.6995,-99.0815,54.16,23.0,0.0,13.0,US,1643578406.0
405,port hueneme,34.1478,-119.1951,80.33,47.0,0.0,6.91,US,1643578407.0
406,ambilobe,-13.2,49.05,74.39,93.0,86.0,1.88,MG,1643578407.0
408,ust-tsilma,65.441,52.1498,11.62,93.0,100.0,6.49,RU,1643578408.0
409,honningsvag,70.9821,25.9704,31.75,69.0,0.0,20.71,NO,1643578408.0
411,meadow lake,34.8014,-106.5436,50.4,29.0,100.0,2.73,US,1643578272.0
412,burnie,-41.0667,145.9167,71.92,76.0,12.0,6.51,AU,1643578409.0
413,kasongo-lunda,-6.4667,16.8167,71.6,90.0,100.0,1.48,CD,1643578410.0
414,okhotsk,59.3833,143.3,13.64,73.0,100.0,17.78,RU,1643578410.0
415,hammerfest,70.6634,23.6821,30.65,74.0,20.0,12.66,NO,1643578410.0
416,becerril,9.7041,-73.2793,90.16,36.0,77.0,4.94,CO,1643578411.0
417,jinchang,38.4953,102.1739,15.15,39.0,70.0,5.88,CN,1643578412.0
418,aksarka,66.5606,67.7975,-12.5,100.0,85.0,4.5,RU,1643578412.0
419,wagga wagga,-35.1167,147.3667,76.6,88.0,40.0,6.91,AU,1643578413.0
420,magistralnyy,56.1725,107.4458,-5.96,100.0,100.0,1.74,RU,1643578413.0
421,ziniare,12.5822,-1.2983,78.84,12.0,16.0,10.87,BF,1643578414.0
422,arrecife,28.963,-13.5477,66.18,39.0,0.0,8.05,ES,1643578414.0
423,dwarka,22.2394,68.9678,69.85,80.0,0.0,9.66,IN,1643578415.0
424,isangel,-19.55,169.2667,78.91,94.0,100.0,13.8,VU,1643578415.0
425,ozinki,51.1786,49.6769,24.69,95.0,93.0,11.18,RU,1643578415.0
426,katobu,-4.9408,122.5276,76.66,90.0,100.0,3.33,ID,1643578416.0
427,kikwit,-5.041,18.8162,75.6,72.0,100.0,0.38,CD,1643578316.0
428,paamiut,61.994,-49.6678,13.82,75.0,100.0,5.44,GL,1643578416.0
429,bodmin,50.4715,-4.7243,49.66,85.0,77.0,23.49,GB,1643578417.0
430,brae,60.3964,-1.353,39.11,97.0,100.0,12.48,GB,1643578418.0
431,sioux lookout,50.1001,-91.917,10.78,85.0,100.0,4.61,CA,1643578418.0
434,flin flon,54.7682,-101.865,6.64,78.0,100.0,6.91,CA,1643578269.0
435,saint-pierre,-21.3393,55.4781,78.48,69.0,11.0,10.36,RE,1643578420.0
437,carutapera,-1.195,-46.02,74.91,94.0,100.0,7.47,BR,1643578420.0
438,mitu,1.1983,-70.1733,85.01,51.0,20.0,2.33,CO,1643578421.0
439,anadyr,64.75,177.4833,-19.52,75.0,20.0,2.24,RU,1643578308.0
440,sao sebastiao do cai,-29.5867,-51.3756,82.29,64.0,52.0,5.01,BR,1643578421.0
441,arvika,59.6553,12.5852,29.1,60.0,1.0,6.08,SE,1643578422.0
442,praia da vitoria,38.7333,-27.0667,58.75,94.0,75.0,24.05,PT,1643578422.0
444,benghazi,32.1167,20.0667,56.28,63.0,96.0,18.84,LY,1643578423.0
445,tessalit,20.1986,1.0114,69.84,14.0,28.0,11.07,ML,1643578424.0
446,sibolga,1.7427,98.7792,75.78,90.0,95.0,3.44,ID,1643578424.0
447,inhambane,-23.865,35.3833,74.93,82.0,67.0,7.94,MZ,1643578425.0
448,dubbo,-32.25,148.6167,71.73,83.0,40.0,12.66,AU,1643578320.0
449,mehran,33.1222,46.1646,44.08,46.0,1.0,7.81,IR,1643578425.0
450,heilbron,-27.2812,27.9709,60.51,93.0,100.0,6.29,ZA,1643578486.0
451,naze,28.3667,129.4833,52.72,67.0,92.0,19.53,JP,1643578486.0
452,burgos,42.3394,-3.7079,32.41,74.0,0.0,0.0,ES,1643578487.0
453,kalmunai,7.4167,81.8167,76.77,87.0,48.0,5.79,LK,1643578190.0
454,palora,-1.7,-77.9333,75.31,81.0,100.0,0.67,EC,1643578487.0
455,borogontsy,62.6683,131.1683,-37.59,100.0,70.0,0.38,RU,1643578212.0
456,vila velha,-20.3297,-40.2925,80.55,85.0,0.0,1.01,BR,1643578205.0
457,barra,-11.0894,-43.1417,79.3,66.0,60.0,5.03,BR,1643578488.0
458,twentynine palms,34.1356,-116.0542,72.34,7.0,0.0,1.01,US,1643578489.0
459,novyy urengoy,66.0833,76.6333,-12.42,100.0,96.0,6.49,RU,1643578489.0
460,kirkuk,35.4681,44.3922,43.66,69.0,4.0,3.22,IQ,1643578490.0
461,jieshi,22.8134,115.8257,52.95,68.0,96.0,15.75,CN,1643578490.0
462,tortoli,39.9256,9.6572,49.82,87.0,0.0,4.61,IT,1643578491.0
463,tiznit,29.5833,-9.5,62.44,27.0,100.0,22.24,MA,1643578491.0
465,misasi,-3.0,33.0833,65.62,95.0,100.0,4.65,TZ,1643578492.0
466,mount gambier,-37.8333,140.7667,62.51,100.0,100.0,2.3,AU,1643578454.0
467,estrela,-28.0611,-50.9383,62.85,94.0,34.0,5.35,BR,1643578493.0
468,peniche,39.3558,-9.3811,57.61,65.0,16.0,6.71,PT,1643578493.0
469,bitburg,49.9667,6.5333,36.59,61.0,40.0,0.0,DE,1643578494.0
470,dzaoudzi,-12.7887,45.2699,80.49,78.0,0.0,3.44,YT,1643578494.0
471,fort-shevchenko,44.5086,50.263,36.99,86.0,91.0,8.39,KZ,1643578495.0
472,peta,39.1667,21.0347,40.41,72.0,2.0,3.96,GR,1643578495.0
473,sulangan,11.1373,123.7228,81.39,76.0,70.0,6.31,PH,1643578495.0
474,chortomlyk,47.6232,34.142,31.01,93.0,72.0,13.78,UA,1643578496.0
475,amanganj,24.4333,80.0333,56.88,36.0,0.0,0.54,IN,1643578496.0
476,vysokogornyy,50.1167,139.15,-23.06,100.0,96.0,4.18,RU,1643578497.0
477,xiongzhou,25.1167,114.3,40.73,77.0,96.0,3.74,CN,1643578497.0
478,srednekolymsk,67.45,153.6833,-27.63,100.0,100.0,3.69,RU,1643578497.0
479,ha tinh,18.3333,105.9,62.2,92.0,100.0,9.22,VN,1643578362.0
480,yashkul,46.1711,45.3435,30.74,88.0,70.0,8.14,RU,1643578498.0
481,general cepeda,25.3833,-101.45,73.99,20.0,36.0,7.34,MX,1643578272.0
482,sungairaya,0.7,108.9,76.01,90.0,100.0,5.28,ID,1643578499.0
483,boysun,38.2061,67.1986,30.81,65.0,23.0,6.2,UZ,1643578499.0
484,borisovka,50.6236,35.9903,30.34,97.0,99.0,12.82,RU,1643578500.0
485,bethanien,-26.502,17.1583,77.22,50.0,72.0,9.73,NA,1643578500.0
486,christchurch,-43.5333,172.6333,72.32,64.0,21.0,4.0,NZ,1643578228.0
487,sal rei,16.1833,-22.9167,68.56,74.0,100.0,22.57,CV,1643578501.0
488,yenotayevka,47.2456,47.0281,28.47,85.0,66.0,7.09,RU,1643578405.0
489,tuatapere,-46.1333,167.6833,67.82,68.0,17.0,2.59,NZ,1643578501.0
490,bihoro,43.8228,144.1044,0.01,98.0,65.0,4.05,JP,1643578502.0
493,banda aceh,5.5577,95.3222,76.44,83.0,68.0,7.2,ID,1643578503.0
495,mayskiy,47.6931,40.1025,33.21,98.0,100.0,16.26,RU,1643578504.0
496,mont-dore,-22.2833,166.5833,84.18,99.0,100.0,7.07,NC,1643578505.0
497,barabai,-2.5833,115.3833,73.8,92.0,99.0,1.28,ID,1643578506.0
498,sanlucar de barrameda,36.7781,-6.3515,57.36,55.0,75.0,1.63,ES,1643578506.0
499,saint-joseph,-21.3667,55.6167,77.38,80.0,27.0,12.48,RE,1643578507.0
500,tecolutla,20.4833,-97.0167,69.66,76.0,41.0,9.01,MX,1643578567.0
501,tocopilla,-22.092,-70.1979,68.9,67.0,1.0,5.79,CL,1643578313.0
502,mahajanga,-15.7167,46.3167,82.42,83.0,20.0,4.61,MG,1643578568.0
503,thornbury,52.2333,-2.55,47.66,84.0,75.0,22.64,GB,1643578568.0
504,pathein,16.7833,94.7333,64.85,74.0,81.0,5.57,MM,1643578569.0
505,novoagansk,61.9449,76.6625,5.29,95.0,100.0,7.34,RU,1643578569.0
507,tarnow,50.0138,20.987,39.38,78.0,100.0,25.01,PL,1643578570.0
508,nawalapitiya,7.0559,80.5348,67.41,95.0,24.0,3.74,LK,1643578570.0
509,obera,-27.4871,-55.1199,85.1,31.0,3.0,3.36,AR,1643578570.0
510,garowe,8.4054,48.4845,68.67,73.0,100.0,11.12,SO,1643578571.0
511,findlay,41.0442,-83.6499,27.34,54.0,0.0,10.36,US,1643578571.0
512,meulaboh,4.1363,96.1285,76.55,86.0,86.0,3.22,ID,1643578448.0
513,kurilsk,45.2333,147.8833,18.19,67.0,100.0,17.78,RU,1643578572.0
514,kumluca,36.3703,30.2869,47.68,84.0,99.0,2.95,TR,1643578572.0
515,vostok,46.4856,135.8833,-21.87,99.0,66.0,3.49,RU,1643578573.0
516,lakselv,70.0513,24.9718,6.62,85.0,0.0,2.3,NO,1643578573.0
517,ayan,56.45,138.1667,1.17,69.0,100.0,16.11,RU,1643578574.0
518,dondo,-19.6094,34.7431,78.31,83.0,6.0,3.31,MZ,1643578574.0
519,uruzgan,32.8333,66.0,36.19,66.0,4.0,5.61,AF,1643578575.0
520,campo maior,-4.8278,-42.1686,74.12,86.0,89.0,3.89,BR,1643578575.0
522,sozimskiy,59.7418,52.2482,-4.45,100.0,65.0,2.86,RU,1643578576.0
523,boa vista,2.8197,-60.6733,93.18,33.0,40.0,14.97,BR,1643578576.0
524,ubinskoye,55.3068,79.6802,11.17,96.0,92.0,8.88,RU,1643578577.0
525,zaranj,30.9667,61.8833,48.16,46.0,13.0,8.63,AF,1643578577.0
527,ketchikan,55.3422,-131.6461,37.87,81.0,75.0,8.05,US,1643578578.0
528,ngunguru,-35.6167,174.5,72.16,71.0,96.0,16.11,NZ,1643578491.0
529,sexsmith,55.35,-118.786,25.95,93.0,100.0,5.75,CA,1643578579.0
531,canguaretama,-6.38,-35.1289,84.69,78.0,17.0,10.07,BR,1643578579.0
532,sorong,-0.8833,131.25,81.57,76.0,100.0,10.76,ID,1643578580.0
533,cayenne,4.9333,-52.3333,78.84,88.0,75.0,1.99,GF,1643578580.0
534,ostrovnoy,68.0531,39.5131,12.16,95.0,98.0,8.23,RU,1643578581.0
536,ucluelet,48.9329,-125.5528,43.11,93.0,100.0,5.99,CA,1643578581.0
537,nicolas bravo,18.45,-88.9167,74.28,42.0,29.0,3.58,MX,1643578582.0
539,nishihara,26.1842,127.7558,56.86,54.0,40.0,24.16,JP,1643578582.0
540,baykit,61.67,96.37,-4.34,99.0,100.0,0.4,RU,1643578583.0
541,rio gallegos,-51.6226,-69.2181,57.25,30.0,40.0,33.38,AR,1643578583.0
542,shaunavon,49.6501,-108.4181,35.38,79.0,100.0,7.05,CA,1643578584.0
543,asfi,32.2994,-9.2372,63.14,52.0,39.0,6.6,MA,1643578584.0
544,erenhot,43.6475,111.9767,4.59,89.0,100.0,17.54,CN,1643578585.0
545,ocos,14.5094,-92.1933,91.9,64.0,5.0,9.89,GT,1643578585.0
546,spencer,43.1414,-95.1444,24.58,72.0,0.0,5.75,US,1643578585.0
547,necochea,-38.5473,-58.7368,68.04,65.0,72.0,20.24,AR,1643578586.0
548,gogrial,8.5332,28.1004,72.19,20.0,87.0,6.08,SS,1643578586.0
549,buraydah,26.326,43.975,57.65,40.0,83.0,11.79,SA,1643578488.0
550,tiarei,-17.5333,-149.3333,84.22,75.0,95.0,10.98,PF,1643578647.0
551,longyan,25.1072,117.0225,37.67,93.0,46.0,4.16,CN,1643578647.0
552,antofagasta,-23.65,-70.4,69.08,74.0,16.0,8.84,CL,1643578563.0
553,golden,39.7555,-105.2211,54.99,32.0,20.0,4.0,US,1643578517.0
554,savannah bight,16.45,-85.85,73.99,66.0,90.0,14.52,HN,1643578424.0
555,byron bay,-28.65,153.6167,79.05,85.0,74.0,8.75,AU,1643578439.0
556,xinzhou,38.4092,112.7333,18.18,42.0,0.0,4.05,CN,1643578648.0
557,garissa,-0.4536,39.6401,78.04,67.0,43.0,13.35,KE,1643578649.0
558,matay,28.419,30.7792,50.99,45.0,4.0,8.12,EG,1643578649.0
559,aktyubinskiy,54.8137,52.8056,22.39,97.0,100.0,5.5,RU,1643578650.0
560,amapa,1.0,-52.0,72.43,99.0,87.0,2.44,BR,1643578641.0
561,ritchie,-29.038,24.6028,67.21,83.0,100.0,5.06,ZA,1643578650.0
562,praxedis guerrero,31.3667,-106.0167,64.42,26.0,9.0,14.61,MX,1643578651.0
563,nabire,-3.3667,135.4833,74.46,89.0,100.0,3.53,ID,1643578651.0
564,mao,39.8885,4.2658,50.56,81.0,0.0,6.91,ES,1643578652.0
565,mitsamiouli,-11.3847,43.2844,80.51,74.0,2.0,3.42,KM,1643578652.0
566,edinburg,55.9521,-3.1965,43.59,78.0,20.0,15.01,GB,1643578653.0
567,inirida,3.8653,-67.9239,86.99,45.0,16.0,1.25,CO,1643578653.0
568,mapiripan,2.8892,-72.1256,92.86,29.0,15.0,10.56,CO,1643578653.0
569,dalianwan,39.0286,121.695,21.24,79.0,0.0,0.0,CN,1643578654.0
570,sun city west,33.662,-112.3413,73.85,22.0,0.0,3.0,US,1643578654.0
572,oudtshoorn,-33.5907,22.2014,66.56,79.0,86.0,3.4,ZA,1643578655.0
573,jackson,42.4165,-122.8345,52.84,53.0,0.0,0.0,US,1643578622.0
574,kuala terengganu,5.3302,103.1408,73.35,94.0,20.0,3.44,MY,1643578656.0
575,port shepstone,-30.7414,30.455,73.99,83.0,98.0,13.78,ZA,1643578656.0
576,marquette,46.5333,-87.6335,19.33,77.0,100.0,5.03,US,1643578656.0
577,san andres,12.5847,-81.7006,82.42,69.0,75.0,10.36,CO,1643578657.0
578,watsa,3.0372,29.5355,66.78,40.0,99.0,1.39,CD,1643578657.0
579,dongsheng,39.8161,109.9776,7.09,49.0,0.0,15.41,CN,1643578658.0
580,dubna,56.7333,37.1667,22.93,94.0,100.0,9.24,RU,1643578658.0
581,iqaluit,63.7506,-68.5145,-15.07,76.0,40.0,5.75,CA,1643578658.0
582,agirish,61.9247,63.0231,-8.37,100.0,99.0,2.15,RU,1643578659.0
583,lubbock,33.6001,-101.8338,61.38,25.0,75.0,4.61,US,1643578138.0
584,lusambo,-4.9667,23.45,71.4,92.0,88.0,2.28,CD,1643578659.0
586,rafai,4.95,23.9167,70.14,31.0,85.0,3.18,CF,1643578660.0
587,makakilo city,21.3469,-158.0858,78.62,55.0,20.0,13.8,US,1643578426.0
588,barcelos,41.5388,-8.6151,53.85,64.0,1.0,3.96,PT,1643578497.0
589,rio grande,-32.035,-52.0986,80.71,72.0,21.0,19.55,BR,1643578661.0
590,catalina,32.5056,-110.9211,67.51,23.0,8.0,1.01,US,1643578661.0
591,mackay,-21.15,149.2,80.69,83.0,100.0,13.8,AU,1643578662.0
592,wattegama,6.7989,81.4808,74.32,96.0,24.0,4.45,LK,1643578662.0
593,victor harbor,-35.5667,138.6167,75.9,84.0,54.0,4.18,AU,1643578663.0
